Col1,Col2,Col3,Col4,Col5,Col6
1,1,1.5,40,10.56,86.2343
2,2,4.6,71,12.987,90.1234
3,2,3.7,39,13.999,23.90
4,10,2.2,84,24.78,12.99999234
5,5,5.9,11,21.32,50.00094
